#Data tag : v1 , Norm tag: None
run:fill,time,nls,ncms,delivered(/ub),recorded(/ub)
297050:5839,06/16/17 20:55:45,710,710,96162706.207,93681596.568
297056:5840,06/17/17 05:00:46,192,192,31385231.818,28208088.123
297057:5840,06/17/17 06:18:36,873,873,114815009.463,112271382.994
297099:5842,06/17/17 19:30:12,23,23,5092791.677,4684693.123
297100:5842,06/17/17 19:41:21,371,369,74423288.809,69680619.019
297101:5842,06/17/17 22:12:26,909,909,140989463.032,138188780.194
297113:5845,06/18/17 12:43:13,235,228,54429699.355,48934843.571
297114:5845,06/18/17 14:21:05,155,155,32948989.828,31905851.144
297175:5848,06/19/17 19:04:40,85,76,18737396.907,15605620.500
297176:5848,06/19/17 19:42:18,200,196,41898825.509,39369546.976
297177:5848,06/19/17 21:04:31,162,158,31965701.694,30027254.423
297178:5848,06/19/17 22:09:07,1347,1340,200361131.164,195709017.682
297215:5849,06/20/17 13:53:03,47,47,12739780.973,12016961.258
297218:5849,06/20/17 14:14:26,27,24,7126210.785,3628771.208
297219:5849,06/20/17 14:26:08,2608,2607,436499826.400,423628631.318
297224:5849,06/21/17 07:56:04,125,125,12146245.912,11932746.614
297225:5849,06/21/17 08:49:06,32,25,3026697.055,2256187.610
297227:5849,06/21/17 09:04:44,184,184,16335502.983,16185182.633
297292:5856,06/22/17 02:42:29,738,735,179309594.376,168740985.522
297293:5856,06/22/17 07:41:33,145,139,29678151.433,27038816.930
297296:5856,06/22/17 08:47:07,484,479,88488137.201,84188129.423
297308:5856,06/22/17 12:09:29,37,37,6096643.515,5872111.291
297359:5862,06/23/17 03:30:40,37,37,11274149.636,10776540.559
297411:5864,06/23/17 13:35:24,911,911,209422157.098,200456557.136
297424:5865,06/24/17 00:42:30,118,117,33711731.347,30630959.231
297425:5865,06/24/17 01:29:39,153,149,42917090.033,40380558.331
297426:5865,06/24/17 02:30:35,101,100,26732427.721,24574479.882
297429:5865,06/24/17 03:24:59,72,72,18104551.074,17174467.243
297430:5865,06/24/17 04:03:47,199,199,47807040.804,45743299.984
297431:5865,06/24/17 05:23:08,177,174,39546592.503,37508000.809
297432:5865,06/24/17 06:36:25,112,112,23772602.992,23048493.581
297433:5865,06/24/17 07:41:47,159,153,31849886.824,29722522.220
297434:5865,06/24/17 08:43:19,161,156,30448867.002,28822314.186
297435:5865,06/24/17 09:45:40,94,94,17166365.222,16788701.895
297467:5868,06/24/17 19:48:19,89,89,29371448.531,27178503.131
297468:5868,06/24/17 20:28:57,74,74,23558732.376,22624098.163
297469:5868,06/24/17 21:02:04,66,66,20256387.027,18483778.254
297483:5872,06/25/17 05:36:28,172,171,50558178.419,46830332.456
297484:5872,06/25/17 06:47:17,204,204,57261793.217,54426793.373
297485:5872,06/25/17 08:17:19,402,397,99732093.038,94979650.406
297486:5872,06/25/17 11:05:55,617,615,126715722.552,122692281.313
297487:5872,06/25/17 15:14:37,600,595,99323487.153,96247343.187
297488:5872,06/25/17 19:17:09,418,418,57460174.527,56326943.414
297503:5873,06/26/17 02:02:27,748,745,189776747.878,181851632.908
297504:5873,06/26/17 07:10:25,53,52,11431061.456,10727693.946
297505:5873,06/26/17 08:06:28,394,394,76662705.589,74612063.532
297557:5876,06/26/17 23:20:35,334,334,99469558.917,93332512.182
297558:5876,06/27/17 01:56:22,258,255,68482859.429,64982538.370
297562:5876,06/27/17 05:58:50,319,318,64778866.750,62218386.822
297563:5876,06/27/17 08:23:21,259,259,47407571.415,45965414.732
297599:5878,06/27/17 15:06:25,347,342,97197969.405,92102185.594
297603:5878,06/27/17 17:52:22,420,418,103152499.971,98935557.122
297604:5878,06/27/17 20:44:33,392,389,82265271.998,79136503.633
297605:5878,06/27/17 23:22:45,360,357,66247002.254,64209308.339
297606:5878,06/28/17 02:10:08,227,227,36992939.693,36115424.003
297620:5880,06/28/17 10:09:23,287,287,87454268.034,81521270.999
297656:5882,06/28/17 17:39:53,303,300,96714893.675,92050999.107
297665:5882,06/29/17 00:46:59,270,267,59179140.945,56783431.565
297666:5882,06/29/17 02:42:25,112,112,22798072.039,22224374.542
297670:5883,06/29/17 06:26:34,14,7,4656506.817,2098410.823
297674:5883,06/29/17 07:15:59,181,176,55470753.785,51495391.574
297675:5883,06/29/17 08:36:58,455,451,123372155.971,118251521.936
297722:5887,06/29/17 20:40:23,295,287,95367882.947,89476872.254
297723:5887,06/29/17 23:02:24,185,185,53140961.091,51198997.386
298996:5942,07/14/17 07:36:18,184,184,29599682.749,23587655.285
298997:5942,07/14/17 08:52:13,47,47,7367582.303,5424780.452
299000:5942,07/14/17 09:20:59,74,74,10405753.053,8317610.117
299042:5946,07/14/17 20:11:50,23,23,4258393.700,2079917.997
299061:5950,07/15/17 01:00:37,318,311,82119481.480,66820417.131
299062:5950,07/15/17 03:04:10,301,294,71050331.308,60156788.186
299064:5950,07/15/17 05:04:34,79,78,17476799.283,15979509.905
299065:5950,07/15/17 05:49:29,328,321,66330633.316,59079921.658
299067:5950,07/15/17 08:12:55,459,459,78194922.035,70769071.820
299096:5952,07/15/17 15:27:14,96,96,27444151.039,24805698.179
299149:5954,07/16/17 01:40:41,442,442,124507349.764,111557190.579
299178:5958,07/16/17 12:24:55,74,70,20446707.182,16328205.578
299180:5958,07/16/17 12:57:51,94,68,26696552.250,16065848.341
299184:5958,07/16/17 13:42:24,561,555,140378723.913,126939658.949
299185:5958,07/16/17 17:26:15,120,120,26384601.509,24118890.064
299327:5960,07/18/17 07:53:09,72,69,17849165.964,15595861.243
299329:5960,07/18/17 08:25:06,172,172,40823842.627,38520180.232
299368:5962,07/18/17 16:09:23,139,131,44018286.711,33716376.408
299369:5962,07/18/17 17:05:01,303,302,90921223.360,80806811.363
299370:5962,07/18/17 19:39:21,666,666,156323096.484,146044317.386
299380:5963,07/19/17 02:35:27,194,191,62468775.932,55831119.163
299381:5963,07/19/17 04:00:43,45,45,13827608.868,12266126.359
299394:5965,07/19/17 07:30:38,29,22,8575771.161,5552695.830
299395:5965,07/19/17 07:42:23,187,182,59643653.951,40232186.952
299396:5965,07/19/17 08:55:05,81,81,24754695.583,17652030.289
299420:5966,07/19/17 12:04:00,49,49,16093483.201,13585128.932
299443:5971,07/20/17 00:32:54,20,20,7306339.890,5784311.532
299450:5974,07/20/17 04:37:03,50,50,14699378.628,12756600.580
299477:5976,07/20/17 12:44:21,10,10,3355600.532,2082499.475
299478:5976,07/20/17 13:06:44,175,172,52720737.017,46532245.376
299479:5976,07/20/17 14:18:01,123,117,36478582.834,30700115.345
299480:5976,07/20/17 15:07:52,715,711,184023920.211,169714844.503
299481:5976,07/20/17 19:55:18,1200,1200,204920537.193,193095273.315
299593:5979,07/21/17 18:23:45,801,797,203155262.864,187400800.628
299594:5979,07/21/17 23:38:54,317,309,67816950.147,62036898.395
299595:5979,07/22/17 01:48:02,135,135,26454035.908,25536689.153
299597:5979,07/22/17 02:46:03,537,537,90934298.260,87023903.105
299649:5984,07/24/17 02:38:21,182,182,64244050.608,58245977.695
300087:6019,07/29/17 06:23:31,201,194,13990231.802,13203678.629
300105:6020,07/29/17 12:14:52,21,21,6081840.897,1264883.634
300106:6020,07/29/17 12:26:04,74,74,25268638.710,20137790.370
300107:6020,07/29/17 12:58:01,46,46,15331518.622,13777474.394
300117:6021,07/29/17 16:45:44,33,33,9774108.385,6317270.432
300122:6024,07/29/17 21:46:18,1244,1235,334373483.141,301188852.651
300123:6024,07/30/17 05:57:59,610,601,110793030.053,103262243.468
300155:6026,07/30/17 18:49:41,1195,1188,319474540.831,288018762.863
300156:6026,07/31/17 02:33:41,72,64,14700550.581,12014281.512
300157:6026,07/31/17 03:14:44,1099,1099,180408634.980,170366297.159
300226:6030,07/31/17 17:03:13,406,406,134711596.316,118756516.233
300233:6031,07/31/17 22:08:07,120,111,41779638.879,32399983.972
300234:6031,07/31/17 22:55:49,59,59,19831912.127,14933254.792
300235:6031,07/31/17 23:21:52,187,181,60169958.574,50549170.265
300236:6031,08/01/17 00:39:29,177,172,53504566.652,47244685.378
300237:6031,08/01/17 01:48:17,715,715,178028721.155,166062659.677
300238:6031,08/01/17 06:39:52,297,290,57287821.227,50734709.050
300239:6031,08/01/17 08:36:44,208,202,36174712.306,31504952.775
300240:6031,08/01/17 10:10:56,355,354,52327544.964,48113980.528
300280:6035,08/02/17 04:47:45,548,548,171609104.155,141233165.058
300281:6035,08/02/17 09:00:44,6,6,1639791.312,1510873.826
300282:6035,08/02/17 09:08:16,135,131,35980020.588,31082620.402
300283:6035,08/02/17 10:20:31,34,26,8596858.424,5861653.459
300284:6035,08/02/17 10:35:39,679,679,142549025.008,134354102.191
300364:6041,08/03/17 12:13:45,20,17,6688875.733,4061528.087
300365:6041,08/03/17 12:25:03,20,13,6514950.915,3644939.390
300366:6041,08/03/17 12:34:35,21,14,5559156.479,2975985.402
300367:6041,08/03/17 12:44:42,20,13,6316938.641,3021517.327
300368:6041,08/03/17 12:54:06,20,13,6218327.056,3066144.578
300369:6041,08/03/17 13:03:35,20,13,6127062.716,3315994.237
300370:6041,08/03/17 13:13:08,20,13,6052238.234,3263006.384
300371:6041,08/03/17 13:22:40,20,13,5955465.060,3041585.755
300372:6041,08/03/17 13:32:05,8,8,2427131.314,2014809.503
300373:6041,08/03/17 13:39:38,21,13,6294696.128,3193516.712
300374:6041,08/03/17 13:48:53,21,13,6221294.264,3210766.489
300375:6041,08/03/17 13:58:15,93,93,27051894.709,25170115.526
300389:6044,08/03/17 18:48:33,121,115,39733619.868,27327958.172
300390:6044,08/03/17 19:49:51,20,12,6600059.389,3399143.451
300391:6044,08/03/17 19:58:56,21,13,6844590.873,3341658.443
300392:6044,08/03/17 20:08:11,21,14,6740705.521,3447536.986
300393:6044,08/03/17 20:17:56,20,13,6331370.107,3507113.538
300394:6044,08/03/17 20:27:18,21,13,6560381.256,3364755.162
300395:6044,08/03/17 20:36:48,20,13,6240582.977,3411735.853
300396:6044,08/03/17 20:46:06,20,13,6299459.631,3292448.575
300397:6044,08/03/17 20:55:35,20,13,6220330.281,3526941.689
300398:6044,08/03/17 21:05:16,20,14,6141527.214,3623554.425
300399:6044,08/03/17 21:15:05,20,17,6061614.107,4284658.198
300400:6044,08/03/17 21:26:33,677,672,176439647.792,162809265.820
300401:6044,08/04/17 02:03:03,655,655,123786735.957,116894944.809
300459:6046,08/04/17 12:16:31,293,293,93606011.993,82550727.147
300461:6046,08/04/17 14:16:24,98,88,29330732.635,23965172.873
300462:6046,08/04/17 14:56:36,97,91,27718299.641,23547843.567
300463:6046,08/04/17 15:38:41,124,124,33411782.436,30979288.191
300464:6046,08/04/17 16:34:29,243,243,60730160.963,54422179.848
300466:6046,08/04/17 18:25:04,650,643,130930461.594,121620307.893
300467:6046,08/04/17 22:39:50,563,563,85153736.030,80267959.792
300497:6048,08/05/17 07:32:31,150,150,52674096.815,40365626.021
300514:6050,08/05/17 12:01:12,113,113,39157081.114,29557610.670
300515:6050,08/05/17 12:46:59,895,895,257071061.913,238009086.206
300516:6050,08/05/17 19:30:11,111,109,23648977.325,19408338.992
300517:6050,08/05/17 20:16:08,529,529,96217906.488,91078466.738
300558:6052,08/06/17 11:30:09,541,534,127656860.620,117294107.842
300560:6052,08/06/17 15:03:17,840,840,145734020.740,137087232.231
300574:6053,08/07/17 02:51:21,97,96,30156560.759,23867045.114
300575:6053,08/07/17 03:34:38,82,76,25583830.674,12364944.465
300576:6053,08/07/17 04:08:51,1199,1199,290648695.522,271952504.814
300631:6054,08/07/17 15:33:52,165,159,54614607.034,43254335.310
300632:6054,08/07/17 16:47:36,21,20,6764006.329,4107622.991
300633:6054,08/07/17 16:58:51,447,447,133442090.725,122455128.110
300635:6054,08/07/17 20:07:40,174,174,45951741.840,42419946.973
300636:6054,08/07/17 21:23:45,1570,1570,291573542.647,275055830.340
300674:6055,08/08/17 11:03:35,33,30,10939849.754,7937430.443
300675:6055,08/08/17 11:18:45,33,25,10995480.290,2920772.169
300676:6055,08/08/17 11:31:56,26,26,8502786.272,7391727.729
300742:6057,08/08/17 17:08:59,288,288,98042466.991,85026759.166
300777:6060,08/09/17 04:47:36,489,489,149087643.609,132160415.156
300780:6060,08/09/17 08:01:23,339,334,88743662.073,80251327.543
300785:6060,08/09/17 10:49:34,1252,1252,229496483.688,216567386.120
300806:6061,08/09/17 21:47:21,179,179,66524912.673,54764553.860
300811:6061,08/09/17 23:03:46,503,500,165718861.563,146529696.758
300812:6061,08/10/17 02:25:24,59,58,17129052.063,15011504.439
300816:6061,08/10/17 02:54:46,156,150,43243064.507,35244756.421
300817:6061,08/10/17 03:55:19,460,460,108890714.149,100991206.627
301046:6072,08/12/17 01:36:15,62,62,4539122.800,4282661.600
301142:6082,08/14/17 12:20:37,897,897,101087574.867,97766902.434
301161:6084,08/14/17 21:38:32,770,761,105754081.985,99580607.801
301165:6084,08/15/17 02:39:09,145,145,15951626.373,15711194.994
301179:6086,08/15/17 07:58:06,25,19,4466658.486,2079726.159
301180:6086,08/15/17 08:08:13,97,92,16993956.173,15074867.391
301183:6086,08/15/17 08:47:34,299,299,48792703.792,45954198.837
301281:6089,08/15/17 23:07:42,120,120,20355026.204,18862935.020
301283:6089,08/15/17 23:59:33,884,884,125867357.035,121755835.415
301298:6090,08/16/17 09:17:06,905,905,162248373.751,156258113.871
301323:6091,08/16/17 18:21:28,954,954,176314664.666,167581189.221
301330:6093,08/17/17 05:31:25,332,332,69525618.278,65477792.645
301359:6094,08/17/17 11:07:05,287,287,62044084.535,58223615.211
301384:6096,08/17/17 15:43:36,476,476,99694471.922,95748431.379
301391:6097,08/17/17 21:43:51,177,175,37737690.771,35114798.416
301392:6097,08/17/17 22:57:14,627,627,116009395.140,111762340.079
301393:6097,08/18/17 03:04:23,17,17,2749452.097,2638599.918
301396:6097,08/18/17 03:39:06,33,26,5174241.383,3781373.823
301397:6097,08/18/17 03:55:16,726,720,99148647.287,95223405.086
301398:6097,08/18/17 08:43:05,9,9,1072222.740,565060.540
301399:6097,08/18/17 08:50:12,108,108,12576927.978,12401697.016
301417:6098,08/18/17 12:47:02,318,318,71681543.451,68760821.114
301447:6104,08/19/17 11:30:21,422,422,76179872.985,72905187.520
301448:6104,08/19/17 14:20:04,329,325,50848898.339,48685578.324
301449:6104,08/19/17 16:30:03,404,398,53881479.094,49891080.014
301450:6104,08/19/17 19:07:02,173,173,20257174.372,19653516.501
301461:6105,08/19/17 23:00:39,554,554,106614748.415,99274435.450
301472:6106,08/20/17 14:12:08,796,796,145323888.190,140455502.716
301475:6106,08/20/17 19:47:02,18,12,2765075.315,1568274.274
301476:6106,08/20/17 19:53:54,844,844,111676013.498,108771443.160
301519:6110,08/21/17 13:13:29,209,203,38668083.711,33917296.375
301524:6110,08/21/17 14:45:22,257,257,43192979.751,41629733.940
301529:6110,08/21/17 17:22:10,49,49,7401439.036,6659763.116
301530:6110,08/21/17 17:44:34,104,104,15086887.771,14417695.590
301531:6110,08/21/17 18:34:34,394,393,50727682.470,48916991.496
301532:6110,08/21/17 21:12:59,611,611,64650530.349,63324427.020
301567:6114,08/22/17 08:46:48,359,359,67487497.168,64262683.290
301627:6116,08/22/17 23:21:43,887,887,136025190.530,133211558.311
301664:6119,08/23/17 12:24:23,418,411,75302730.196,71408490.685
301665:6119,08/23/17 15:07:51,463,463,70629116.548,68864604.203
301694:6123,08/24/17 04:23:23,67,67,19758640.686,17982959.273
301912:6136,08/26/17 13:57:23,332,332,40598317.924,38824943.853
301913:6136,08/26/17 16:26:53,58,55,6697933.861,6035590.890
301914:6136,08/26/17 16:50:06,350,350,36970428.344,35987062.342
301941:6138,08/27/17 09:32:02,538,538,78150292.368,75585512.957
301959:6140,08/27/17 18:23:25,1909,1909,287164839.233,279143396.147
301960:6140,08/28/17 06:47:36,147,147,14657513.533,14356055.138
301970:6141,08/28/17 10:42:12,118,118,23404841.920,22691177.474
301984:6142,08/28/17 14:13:01,301,300,59997710.268,56413085.794
301985:6142,08/28/17 16:11:54,367,360,64153540.737,60905578.838
301986:6142,08/28/17 18:34:30,381,379,56910732.930,55046012.878
301987:6142,08/28/17 21:03:27,1128,1128,126159119.163,123998159.198
301997:6143,08/29/17 06:55:19,371,361,71025237.430,66083560.391
301998:6143,08/29/17 09:19:31,1704,1704,224277794.228,219896143.572
302019:6146,08/30/17 03:40:54,53,53,10013177.116,9297672.297
302026:6147,08/30/17 06:49:09,37,30,6858535.704,4741217.609
302029:6147,08/30/17 07:16:38,98,92,20111299.782,15524658.007
302031:6147,08/30/17 08:08:29,809,809,135019821.197,129978702.920
302033:6147,08/30/17 13:34:23,43,41,5949192.605,5229971.099
302034:6147,08/30/17 13:54:42,20,12,2724059.396,488780.671
302037:6147,08/30/17 14:25:39,3,2,397128.613,61067.935
302038:6147,08/30/17 14:31:57,1,1,131500.669,9083.737
302040:6147,08/30/17 14:35:43,174,168,22403928.731,21171928.354
302041:6147,08/30/17 15:44:00,72,65,8831404.630,7813997.939
302042:6147,08/30/17 16:12:12,523,516,57367902.267,55477948.305
302043:6147,08/30/17 19:35:17,228,228,21433078.759,20998566.837
302131:6152,08/31/17 12:32:49,867,867,114762788.399,112278181.175
302159:6155,09/01/17 00:37:45,108,108,17290538.234,16349679.047
302163:6156,09/01/17 03:33:23,1197,1189,154104211.847,148159001.757
302165:6156,09/01/17 11:25:29,85,80,7769852.222,6927968.293
302166:6156,09/01/17 11:58:48,16,16,1557162.613,1532383.904
302225:6158,09/01/17 18:41:42,868,868,118915954.189,116241958.383
302228:6159,09/02/17 03:31:11,234,234,40288027.940,38790047.101
302229:6159,09/02/17 05:05:33,457,457,69994785.848,68335167.631
302240:6160,09/02/17 10:53:49,960,960,143557447.086,140471392.233
302262:6161,09/03/17 03:32:01,435,428,81149687.629,77032217.508
302263:6161,09/03/17 06:21:33,1250,1250,170413700.435,166829672.354
302277:6165,09/03/17 22:44:53,372,372,56099761.899,54463304.760
302279:6165,09/04/17 07:35:59,71,70,6570419.528,5946207.514
302280:6165,09/04/17 08:06:52,152,152,13006515.832,12807028.234
302322:6167,09/04/17 17:43:03,838,838,101561701.826,98876937.546
302328:6168,09/05/17 01:49:04,681,681,98235628.516,95461175.958
302337:6169,09/05/17 09:16:54,136,127,24190546.653,20904504.971
302342:6169,09/05/17 10:22:41,54,54,9369235.614,7086222.082
302343:6169,09/05/17 10:52:16,98,97,16374911.915,15644099.953
302344:6169,09/05/17 11:33:15,480,480,71831360.781,70115901.027
302350:6169,09/05/17 15:02:18,136,136,17113206.257,16847135.415
302388:6170,09/05/17 18:47:02,685,685,133599899.421,129234468.729
302392:6171,09/06/17 01:57:38,363,355,82820906.492,76757856.012
302393:6171,09/06/17 04:19:09,887,887,164045431.609,160557211.822
302448:6174,09/06/17 20:48:45,1898,1898,321626329.940,313701909.329
302472:6175,09/07/17 11:26:59,781,781,164589047.423,158148016.810
302473:6175,09/07/17 16:32:57,377,368,64590801.827,61488880.696
302474:6175,09/07/17 19:17:18,305,305,46235833.491,44087746.240
302475:6175,09/07/17 21:17:58,7,2,1007049.103,101065.732
302476:6175,09/07/17 21:22:32,259,259,34879186.590,33916313.707
302479:6176,09/08/17 01:19:43,309,309,73316337.231,70058541.802
302484:6177,09/08/17 06:07:18,169,169,39861378.497,37365868.871
302485:6177,09/08/17 07:17:25,922,922,182617362.384,176630089.725
302492:6177,09/08/17 13:49:02,49,44,7896868.020,6904476.537
302493:6177,09/08/17 14:09:59,7,2,1115717.080,144108.408
302494:6177,09/08/17 14:13:24,618,618,89698644.914,87698011.142
302509:6179,09/08/17 23:12:14,20,20,5280222.565,5111672.884
302513:6180,09/09/17 02:18:37,53,53,13612605.426,12539022.515
302522:6182,09/09/17 07:21:37,18,12,3122361.954,520158.323
302523:6182,09/09/17 07:29:07,59,54,14097565.264,10987125.341
302525:6182,09/09/17 07:58:46,709,702,143687757.612,137409233.573
302526:6182,09/09/17 13:00:58,572,572,90354449.255,88166949.828
302548:6185,09/10/17 01:59:07,85,81,18929513.108,16101125.825
302551:6185,09/10/17 02:41:42,7,6,1566641.427,106049.487
302553:6185,09/10/17 02:50:55,188,187,39816554.339,37756778.639
302554:6185,09/10/17 04:05:18,7,3,1413409.114,93177.202
302555:6185,09/10/17 04:09:27,11,11,2214646.938,1943425.808
302563:6186,09/10/17 07:12:18,7,7,1488736.368,326890.321
302565:6186,09/10/17 07:21:03,7,3,1658927.094,152594.579
302572:6186,09/10/17 08:51:54,286,281,57762722.100,54759150.995
302573:6186,09/10/17 10:44:46,1249,1249,194821790.398,190510559.682
302596:6189,09/11/17 03:28:46,926,920,183218496.073,176235912.964
302597:6189,09/11/17 09:35:10,1054,1054,149895986.059,146885588.125
302634:6191,09/12/17 01:21:56,582,582,125307635.836,118957170.419
302635:6191,09/12/17 05:18:01,1252,1252,192439023.984,187201183.890
302651:6192,09/12/17 16:37:00,149,146,34687513.444,30699071.297
302654:6192,09/12/17 17:38:01,317,317,66887773.593,65259081.188
302661:6193,09/12/17 22:27:07,72,67,15713767.502,9745906.657
302663:6193,09/12/17 23:00:31,706,706,140462444.237,136817693.785
303825:6239,09/24/17 07:38:22,180,180,24091019.023,23642117.722
303832:6240,09/24/17 11:12:03,1857,1857,343152669.262,333128574.804
303838:6241,09/25/17 01:48:14,1963,1963,407803050.216,394600216.849
303885:6243,09/25/17 19:09:19,1993,1993,431285033.402,415089200.642
303948:6245,09/26/17 12:47:20,1624,1624,380302820.627,365100917.172
303998:6247,09/27/17 07:04:50,262,262,82854097.234,76324917.257
303999:6247,09/27/17 08:51:44,751,747,187257792.902,179139890.166
304000:6247,09/27/17 13:43:21,56,56,11194652.117,10978181.621
304062:6252,09/27/17 20:37:26,1961,1961,398651588.910,385649663.869
304119:6253,09/28/17 12:28:48,76,72,24585830.650,21058407.060
304120:6253,09/28/17 13:00:39,253,252,78129486.872,72556460.400
304125:6253,09/28/17 14:40:13,1769,1769,350612364.521,341363339.303
304144:6255,09/29/17 05:27:56,2580,2580,561103811.300,538113231.857
304158:6258,09/30/17 06:34:03,1922,1922,386451398.808,374034611.920
304169:6259,09/30/17 22:12:02,1668,1666,352975090.047,341186943.896
304170:6259,10/01/17 09:08:29,620,620,78086474.503,76616636.043
304199:6261,10/01/17 18:52:33,9,5,2841293.538,73133.960
304200:6261,10/01/17 18:55:58,321,321,93301388.735,88513007.582
304204:6262,10/01/17 23:41:29,553,553,163576508.168,153749806.937
304209:6263,10/02/17 05:33:50,405,405,126475793.900,116489186.433
304291:6266,10/02/17 17:40:13,30,22,8597476.313,3295949.779
304292:6266,10/02/17 17:51:42,1753,1753,370414674.742,349755154.987
304333:6268,10/03/17 11:50:17,1580,1580,384236528.608,368642835.881
304354:6269,10/04/17 03:18:00,214,214,72398512.969,68302118.851
304366:6271,10/04/17 09:20:22,1819,1819,438011145.670,421266148.408
304446:6272,10/05/17 00:46:48,55,55,19510223.262,16805408.064
304447:6272,10/05/17 01:17:37,1639,1639,388366724.609,370597664.280
304451:6272,10/05/17 12:14:42,60,54,8837437.558,7491895.518
304505:6275,10/05/17 18:53:16,27,26,9514917.216,7697022.264
304506:6275,10/05/17 19:04:51,370,370,124786138.350,119667654.427
304507:6275,10/05/17 21:32:17,239,235,70579547.838,50757205.167
304508:6275,10/05/17 23:07:04,1324,1324,257010037.085,250242942.660
304562:6276,10/06/17 12:30:34,794,794,236189512.761,222628268.840
304616:6278,10/06/17 22:15:31,942,942,268758288.224,254336129.678
304625:6279,10/07/17 07:35:53,464,462,155700258.680,136456545.984
304626:6279,10/07/17 10:38:45,8,8,2537142.529,2320793.413
304654:6283,10/08/17 01:25:39,652,645,207740364.998,173728955.002
304655:6283,10/08/17 05:39:52,1194,1194,240621134.494,231675322.063
304661:6284,10/08/17 15:49:50,145,142,50062281.347,46169437.804
304662:6284,10/08/17 17:02:50,150,147,48261323.514,43513090.539
304663:6284,10/08/17 18:01:29,689,689,186237111.865,177748160.406
304671:6285,10/09/17 00:42:58,1143,1139,326945768.569,309147958.595
304672:6285,10/09/17 08:09:11,60,60,12544671.050,12259802.084
304737:6287,10/09/17 19:53:10,81,75,27913301.183,24057200.924
304738:6287,10/09/17 20:24:43,1681,1677,428397725.983,410947325.183
304739:6287,10/10/17 07:20:19,14,11,2223153.984,1556963.716
304740:6287,10/10/17 07:25:28,278,278,41273743.218,40305673.301
304776:6288,10/10/17 12:08:19,50,41,17210523.418,9371901.546
304777:6288,10/10/17 12:27:42,504,497,166586999.420,156643338.356
304778:6288,10/10/17 15:47:08,1297,1297,275777916.619,268014646.765
304797:6291,10/11/17 07:04:10,2910,2910,583126432.766,560780324.113
305044:6297,10/13/17 21:00:46,222,218,72864407.111,67148491.911
305045:6297,10/13/17 23:11:08,873,873,212630785.478,203393846.175
305046:6297,10/14/17 04:51:46,683,683,112509684.715,109632629.947
305059:6298,10/14/17 11:45:00,512,510,173445278.890,157767769.623
305062:6298,10/14/17 15:13:19,8,5,2692292.200,1285533.237
305063:6298,10/14/17 15:18:16,35,35,11553611.753,9557454.596
305064:6298,10/14/17 15:34:28,2045,2045,394616723.422,382796929.652
305081:6300,10/15/17 09:05:35,1056,1056,334341838.613,315495275.792
305112:6303,10/15/17 23:07:00,1460,1455,420892134.938,401511838.878
305113:6303,10/16/17 08:40:47,64,59,12441502.322,11034036.495
305114:6303,10/16/17 09:05:23,526,526,88074042.723,85938140.547
305178:6304,10/16/17 17:19:51,55,52,19152902.119,16737919.955
305179:6304,10/16/17 17:41:43,21,17,7311734.036,3830089.450
305180:6304,10/16/17 17:50:43,9,5,3101766.362,524752.165
305181:6304,10/16/17 17:55:04,8,7,2811639.905,582039.441
305182:6304,10/16/17 18:00:34,8,5,2770668.343,921171.202
305183:6304,10/16/17 18:04:57,236,232,81920687.918,77210884.041
305184:6304,10/16/17 19:50:15,8,8,2743657.615,102204.982
305186:6304,10/16/17 19:58:50,415,415,127615911.074,122134819.934
305188:6304,10/16/17 23:07:05,1002,1002,205788927.334,199602544.352
305202:6305,10/17/17 08:18:29,653,648,221707979.046,207519441.512
305204:6305,10/17/17 13:20:31,1229,1229,264274375.699,255979370.942
305207:6306,10/17/17 23:34:04,1026,1026,331349092.835,318040106.781
305208:6306,10/18/17 06:15:42,372,372,87023947.046,83462031.106
305234:6307,10/18/17 11:00:16,48,46,16734192.507,12615359.675
305236:6307,10/18/17 11:28:43,23,23,7990447.765,6485734.606
305237:6307,10/18/17 11:42:19,1146,1146,354009511.627,338056113.025
305247:6308,10/18/17 23:58:29,377,375,131232223.976,122246968.642
305248:6308,10/19/17 02:26:30,957,952,273314178.755,258320295.028
305252:6308,10/19/17 09:09:00,548,548,98171552.629,95834370.512
305282:6309,10/19/17 15:28:20,133,133,46341132.924,44298363.303
305310:6311,10/19/17 20:28:02,394,389,137001253.591,127248258.031
305311:6311,10/19/17 23:03:24,153,153,50730522.734,47335563.207
305312:6311,10/20/17 00:05:09,227,227,72394414.460,68260628.049
305313:6311,10/20/17 01:35:48,741,739,179339555.784,170873738.079
305314:6311,10/20/17 06:25:45,404,404,70701598.926,68933364.513
305336:6312,10/20/17 12:11:10,206,206,71008088.648,66097102.403
305338:6312,10/20/17 13:32:39,107,103,36677096.200,33082679.030
305341:6312,10/20/17 14:14:05,503,500,160247722.329,151793671.680
305349:6312,10/20/17 17:29:36,34,30,9382731.531,3874135.221
305350:6312,10/20/17 17:43:03,21,15,5695755.299,3816138.754
305351:6312,10/20/17 17:51:39,868,868,186117756.687,179397622.229
305358:6313,10/21/17 02:01:06,162,158,56481856.801,49518890.127
305364:6314,10/21/17 05:43:22,98,94,33861942.376,30430052.225
305365:6314,10/21/17 06:21:13,825,825,261607858.920,249011027.808
305366:6314,10/21/17 11:46:55,1240,1240,241259068.766,234036531.156
305376:6315,10/22/17 00:11:10,98,98,34134517.820,32591501.765
305377:6315,10/22/17 01:10:11,1514,1514,417638018.139,399198774.969
305405:6317,10/22/17 18:15:50,496,494,169644789.073,159168444.446
305406:6317,10/22/17 21:45:01,1458,1458,329375346.681,317190205.838
305440:6318,10/23/17 10:50:34,272,266,94237501.840,83032558.219
305441:6318,10/23/17 12:36:14,121,121,38023779.179,36553369.764
305516:6323,10/23/17 23:42:59,555,552,187021789.953,170496550.495
305517:6323,10/24/17 03:42:15,163,163,49730971.686,33958410.371
305518:6323,10/24/17 04:49:00,1134,1134,244009352.238,234914929.405
305586:6324,10/24/17 17:46:57,531,531,180538492.268,170692640.106
305589:6324,10/24/17 22:47:21,691,691,170780615.939,163352271.609
305590:6324,10/25/17 03:17:27,1004,1004,157260180.326,153195522.957
305636:6325,10/25/17 13:27:51,2326,2326,550037491.562,526497245.312
305766:6337,10/27/17 04:37:33,848,847,276741249.712,263624728.390
305809:6341,10/27/17 23:20:39,142,142,48771075.418,45867781.718
305814:6343,10/28/17 06:17:09,1823,1823,469765140.983,447547551.141
305821:6344,10/28/17 20:29:23,772,772,254702799.448,240083951.454
305832:6346,10/29/17 11:22:51,180,180,62604556.531,57877729.032
305840:6346,10/29/17 15:39:02,1144,1141,263620697.833,252272328.717
305842:6346,10/29/17 23:07:27,862,862,118945539.409,115950148.878
305862:6347,10/30/17 11:28:43,625,625,212244106.640,201772116.415
305898:6348,10/30/17 20:22:12,711,711,240634279.031,230261384.518
305902:6349,10/31/17 04:27:06,469,469,161180925.296,153845664.162
305967:6351,10/31/17 16:08:27,32,32,11072746.099,10514038.787
306029:6355,11/01/17 18:28:41,34,32,11818381.409,9124799.127
306030:6355,11/01/17 18:41:57,110,110,38199724.144,34817162.961
306036:6356,11/01/17 22:43:48,4,4,1391146.591,52803.678
306037:6356,11/01/17 22:46:27,49,44,17054951.467,12151272.377
306038:6356,11/01/17 23:06:47,139,138,48341436.976,43986946.877
306041:6356,11/02/17 00:07:18,320,320,107197828.165,99671680.747
306042:6356,11/02/17 02:14:23,371,365,107531441.176,100134274.250
306048:6356,11/02/17 04:39:07,140,136,35502873.799,32080060.353
306049:6356,11/02/17 05:33:34,358,358,79150645.506,75552896.846
306051:6356,11/02/17 08:00:13,415,415,73133196.382,71118972.677
306091:6358,11/02/17 16:17:27,585,575,219096413.300,204646671.409
306092:6358,11/02/17 20:04:27,972,972,235522252.313,220566156.159
306095:6358,11/03/17 02:42:56,300,300,50761710.937,49437659.472
306121:6360,11/03/17 13:15:57,96,91,33365501.297,28549505.521
306122:6360,11/03/17 13:53:18,127,127,44182252.199,40472335.692
306125:6360,11/03/17 14:46:12,2970,2964,583432145.754,562534242.394
306126:6360,11/04/17 10:14:24,497,497,32056566.707,31412515.403
306134:6362,11/04/17 17:39:47,32,24,11137777.914,6979044.492
306135:6362,11/04/17 17:52:02,1068,1068,339324708.030,320341285.581
306138:6362,11/05/17 01:32:22,1298,1298,219359533.332,212678947.984
306139:6362,11/05/17 10:17:58,1112,1112,104594904.814,102618812.620
306153:6364,11/06/17 02:35:57,88,83,30583773.537,26342840.121
306154:6364,11/06/17 03:10:20,1215,1213,362304735.906,334421405.686
306155:6364,11/06/17 11:12:06,1440,1440,227023398.299,221027971.289
306169:6364,11/06/17 21:43:35,745,735,69859127.557,67015519.664
306170:6364,11/07/17 02:33:05,22,15,1797020.411,1148805.422
306171:6364,11/07/17 02:41:36,503,503,36816214.102,36193995.220
306418:6370,11/09/17 02:11:32,74,66,25659377.813,20702565.081
306419:6370,11/09/17 02:41:06,62,58,21445736.256,18345829.662
306420:6370,11/09/17 03:06:38,108,108,37138460.270,34098676.780
306422:6370,11/09/17 04:30:38,118,115,37628283.661,34603436.276
306423:6370,11/09/17 05:16:29,333,323,93321735.676,85775173.394
306432:6370,11/09/17 08:44:07,339,339,34774832.669,33790252.297
306454:6371,11/09/17 14:18:50,89,85,30786982.590,26780734.670
306455:6371,11/09/17 14:53:14,11,6,3839472.844,1595969.847
306456:6371,11/09/17 14:58:09,786,783,248073226.550,236590832.747
306457:6371,11/09/17 20:03:48,31,28,7997523.019,6712545.217
306458:6371,11/09/17 20:15:40,225,221,54509367.289,51560804.933
306459:6371,11/09/17 22:00:11,2273,2272,317312096.305,309932037.084
306460:6371,11/10/17 12:48:14,73,64,4324308.966,4048496.982
#Summary:
#nfill,nrun,nls,ncms,totdelivered(/ub),totrecorded(/ub)
#175,471,206631,205522,44623924659.310,41957532957.257
#Check JSON:
#(run,ls) in json but not in results: [(305178, 75), (306459, 2273)]
